<?xml version="1.0" encoding="UTF-8"?>
<!-- Bean头部 -->
<beans xmlns="http://www.springframework.org/schema/beans"
	xmlns:xsi="http://www.w3.org/2001/XMLSchema-instance"
	xmlns:context="http://www.springframework.org/schema/context"
	xmlns:mvc="http://www.springframework.org/schema/mvc"
	xsi:schemaLocation="http://www.springframework.org/schema/mvc http://www.springframework.org/schema/mvc/spring-mvc-3.2.xsd
	http://www.springframework.org/schema/beans http://www.springframework.org/schema/beans/spring-beans-3.2.xsd
	http://www.springframework.org/schema/context http://www.springframework.org/schema/context/spring-context-3.2.xsd">
	<context:component-scan base-package="com.eastcom_sw org.hw.sml"/>
	<bean id="dataSource" class="org.apache.commons.dbcp.BasicDataSource"
		destroy-method="close">
		<property name="driverClassName" value="oracle.jdbc.driver.OracleDriver" />
		<property name="url" value="jdbc:oracle:thin:@10.40.93.53:41111/bigg" />
		<property name="username" value="jsjk" />
		<property name="password" value="jsjk123" />
		<property name="initialSize" value="1" />
		<property name="maxActive" value="20" />
		<property name="maxIdle" value="3" />
		<property name="maxWait" value="2000" />
		<property name="removeAbandoned" value="true" />
		<property name="removeAbandonedTimeout" value="180" />
		<property name="testWhileIdle" value="true" />
		<property name="testOnBorrow" value="false" />
		<property name="testOnReturn" value="false" />
		<property name="validationQuery" value="select 1 from dual" />
		<property name="validationQueryTimeout" value="1" />
		<property name="timeBetweenEvictionRunsMillis" value="30000" />
		<property name="numTestsPerEvictionRun" value="20" />
	</bean>
	<bean id="sqlMarkupTemplate" class="org.hw.sml.core.SqlMarkupTemplate" init-method="init">
		<property name="jsonMapper">
			<bean class="org.hw.sml.manager.service.RcptFastJsonMapper"></bean>
		</property>
		<property name="dss">
			<map>
				<!-- 默认数据源 -->
				<entry key="defJt" value-ref="dataSource"></entry>
			</map>
		</property>
	</bean>
	<bean	id="smlManageService" class="org.hw.sml.manager.service.SmlManageService">
		<property name="sqlMarkupTemplate" ref="sqlMarkupTemplate"/>
	</bean>
</beans>