<?xml version="1.0" encoding="UTF-8"?>
<configuration>
  <appender name="STDOUT" class="ch.qos.logback.core.ConsoleAppender">
    <layout class="ch.qos.logback.classic.PatternLayout">
      <Pattern>%d{HH:mm:ss.SSS}  %-5level %logger{36} - %msg%n</Pattern>
    </layout>
  </appender>

  <root level="debug">
    <appender-ref ref="STDOUT" />
  </root>
    <logger name="org.hibernate" level="debug"/>
    <logger name="org.springframework" level="WARN"/>
    <logger name="com.opensymphony" level="WARN"/>
    <logger name="org.apache" level="WARN"/>
    <logger name="zookeeper" level="WARN"/>
</configuration>